-- ============================================================
-- NUSP — Dados iniciais (seed)
-- Dados de REFERÊNCIA: salas, comissões, itens de checklist e configs.
-- (Usuários de teste NÃO moram aqui — ver o fim do arquivo e o achado F22.)
--
-- Cada .sql deste diretório roda como SYS no CDB$ROOT (ver
-- 01-schema.sql): sem os ALTER SESSION abaixo, o seed nascia no
-- schema SYS do root e a aplicação subia sem sala e sem usuário
-- nenhum (achado F20). Sessão nova por arquivo — daí a repetição.
-- ============================================================

ALTER SESSION SET CONTAINER = XEPDB1;
ALTER SESSION SET CURRENT_SCHEMA = NUSP;

-- CAD_SALA (10 salas do Senado)
INSERT INTO CAD_SALA (ID, NOME, ATIVO, CRIADO_EM, ATUALIZADO_EM, ORDEM) VALUES (1, 'Auditório Petrônio Portella', 1, SYSTIMESTAMP, SYSTIMESTAMP, 1);
INSERT INTO CAD_SALA (ID, NOME, ATIVO, CRIADO_EM, ATUALIZADO_EM, ORDEM) VALUES (2, 'Plenário', 1, SYSTIMESTAMP, SYSTIMESTAMP, 2);
INSERT INTO CAD_SALA (ID, NOME, ATIVO, CRIADO_EM, ATUALIZADO_EM, ORDEM) VALUES (3, 'Plenário 02', 1, SYSTIMESTAMP, SYSTIMESTAMP, 3);
INSERT INTO CAD_SALA (ID, NOME, ATIVO, CRIADO_EM, ATUALIZADO_EM, ORDEM) VALUES (4, 'Plenário 03', 1, SYSTIMESTAMP, SYSTIMESTAMP, 4);
INSERT INTO CAD_SALA (ID, NOME, ATIVO, CRIADO_EM, ATUALIZADO_EM, ORDEM) VALUES (5, 'Plenário 06', 1, SYSTIMESTAMP, SYSTIMESTAMP, 5);
INSERT INTO CAD_SALA (ID, NOME, ATIVO, CRIADO_EM, ATUALIZADO_EM, ORDEM) VALUES (6, 'Plenário 07', 1, SYSTIMESTAMP, SYSTIMESTAMP, 6);
INSERT INTO CAD_SALA (ID, NOME, ATIVO, CRIADO_EM, ATUALIZADO_EM, ORDEM) VALUES (7, 'Plenário 09', 1, SYSTIMESTAMP, SYSTIMESTAMP, 7);
INSERT INTO CAD_SALA (ID, NOME, ATIVO, CRIADO_EM, ATUALIZADO_EM, ORDEM) VALUES (8, 'Plenário 13', 1, SYSTIMESTAMP, SYSTIMESTAMP, 8);
INSERT INTO CAD_SALA (ID, NOME, ATIVO, CRIADO_EM, ATUALIZADO_EM, ORDEM) VALUES (9, 'Plenário 15', 1, SYSTIMESTAMP, SYSTIMESTAMP, 9);
INSERT INTO CAD_SALA (ID, NOME, ATIVO, CRIADO_EM, ATUALIZADO_EM, ORDEM) VALUES (10, 'Plenário 19', 1, SYSTIMESTAMP, SYSTIMESTAMP, 10);

-- CAD_COMISSAO (30 comissões)
INSERT INTO CAD_COMISSAO (ID, NOME, ATIVO, CRIADO_EM, ATUALIZADO_EM, ORDEM) VALUES (1, 'CAE - Comissão de Assuntos Econômicos', 1, SYSTIMESTAMP, SYSTIMESTAMP, 1);
INSERT INTO CAD_COMISSAO (ID, NOME, ATIVO, CRIADO_EM, ATUALIZADO_EM, ORDEM) VALUES (2, 'CAS - Comissão de Assuntos Sociais', 1, SYSTIMESTAMP, SYSTIMESTAMP, 2);
INSERT INTO CAD_COMISSAO (ID, NOME, ATIVO, CRIADO_EM, ATUALIZADO_EM, ORDEM) VALUES (3, 'CCDD - Comissão de Comunicação e Direito Digital', 1, SYSTIMESTAMP, SYSTIMESTAMP, 3);
INSERT INTO CAD_COMISSAO (ID, NOME, ATIVO, CRIADO_EM, ATUALIZADO_EM, ORDEM) VALUES (4, 'CCJ - Comissão de Constituição, Justiça e Cidadania', 1, SYSTIMESTAMP, SYSTIMESTAMP, 4);
INSERT INTO CAD_COMISSAO (ID, NOME, ATIVO, CRIADO_EM, ATUALIZADO_EM, ORDEM) VALUES (5, 'CCT - Comissão de Ciência, Tecnologia, Inovação e Informática', 1, SYSTIMESTAMP, SYSTIMESTAMP, 5);
INSERT INTO CAD_COMISSAO (ID, NOME, ATIVO, CRIADO_EM, ATUALIZADO_EM, ORDEM) VALUES (6, 'CDD - Comissão de Defesa da Democracia', 1, SYSTIMESTAMP, SYSTIMESTAMP, 6);
INSERT INTO CAD_COMISSAO (ID, NOME, ATIVO, CRIADO_EM, ATUALIZADO_EM, ORDEM) VALUES (7, 'CDH - Comissão de Direitos Humanos e Legislação Participativa', 1, SYSTIMESTAMP, SYSTIMESTAMP, 7);
INSERT INTO CAD_COMISSAO (ID, NOME, ATIVO, CRIADO_EM, ATUALIZADO_EM, ORDEM) VALUES (8, 'CDIR - Comissão Diretora do Senado Federal', 1, SYSTIMESTAMP, SYSTIMESTAMP, 8);
INSERT INTO CAD_COMISSAO (ID, NOME, ATIVO, CRIADO_EM, ATUALIZADO_EM, ORDEM) VALUES (9, 'CDR - Comissão de Desenvolvimento Regional e Turismo', 1, SYSTIMESTAMP, SYSTIMESTAMP, 9);
INSERT INTO CAD_COMISSAO (ID, NOME, ATIVO, CRIADO_EM, ATUALIZADO_EM, ORDEM) VALUES (10, 'CE - Comissão de Educação e Cultura', 1, SYSTIMESTAMP, SYSTIMESTAMP, 10);
INSERT INTO CAD_COMISSAO (ID, NOME, ATIVO, CRIADO_EM, ATUALIZADO_EM, ORDEM) VALUES (11, 'CEsp - Comissão de Esporte', 1, SYSTIMESTAMP, SYSTIMESTAMP, 11);
INSERT INTO CAD_COMISSAO (ID, NOME, ATIVO, CRIADO_EM, ATUALIZADO_EM, ORDEM) VALUES (12, 'CI - Comissão de Serviços de Infraestrutura', 1, SYSTIMESTAMP, SYSTIMESTAMP, 12);
INSERT INTO CAD_COMISSAO (ID, NOME, ATIVO, CRIADO_EM, ATUALIZADO_EM, ORDEM) VALUES (13, 'CMA - Comissão de Meio Ambiente', 1, SYSTIMESTAMP, SYSTIMESTAMP, 13);
INSERT INTO CAD_COMISSAO (ID, NOME, ATIVO, CRIADO_EM, ATUALIZADO_EM, ORDEM) VALUES (14, 'CRA - Comissão de Agricultura e Reforma Agrária', 1, SYSTIMESTAMP, SYSTIMESTAMP, 14);
INSERT INTO CAD_COMISSAO (ID, NOME, ATIVO, CRIADO_EM, ATUALIZADO_EM, ORDEM) VALUES (15, 'CRE - Comissão de Relações Exteriores e Defesa Nacional', 1, SYSTIMESTAMP, SYSTIMESTAMP, 15);
INSERT INTO CAD_COMISSAO (ID, NOME, ATIVO, CRIADO_EM, ATUALIZADO_EM, ORDEM) VALUES (16, 'CSP - Comissão de Segurança Pública', 1, SYSTIMESTAMP, SYSTIMESTAMP, 16);
INSERT INTO CAD_COMISSAO (ID, NOME, ATIVO, CRIADO_EM, ATUALIZADO_EM, ORDEM) VALUES (17, 'CTFC - Comissão de Transparência, Governança, Fiscalização e Controle e Defesa do Consumidor', 1, SYSTIMESTAMP, SYSTIMESTAMP, 17);
INSERT INTO CAD_COMISSAO (ID, NOME, ATIVO, CRIADO_EM, ATUALIZADO_EM, ORDEM) VALUES (18, 'CCAI - Comissão Mista de Controle das Atividades de Inteligência', 1, SYSTIMESTAMP, SYSTIMESTAMP, 19);
INSERT INTO CAD_COMISSAO (ID, NOME, ATIVO, CRIADO_EM, ATUALIZADO_EM, ORDEM) VALUES (19, 'CMCVM - Comissão Permanente Mista de Combate à Violência contra a Mulher', 1, SYSTIMESTAMP, SYSTIMESTAMP, 20);
INSERT INTO CAD_COMISSAO (ID, NOME, ATIVO, CRIADO_EM, ATUALIZADO_EM, ORDEM) VALUES (20, 'CMMC - Comissão Mista Permanente sobre Mudanças Climáticas', 1, SYSTIMESTAMP, SYSTIMESTAMP, 21);
INSERT INTO CAD_COMISSAO (ID, NOME, ATIVO, CRIADO_EM, ATUALIZADO_EM, ORDEM) VALUES (21, 'CMMIR - Comissão Mista Permanente sobre Migrações Internacionais e Refugiados', 1, SYSTIMESTAMP, SYSTIMESTAMP, 22);
INSERT INTO CAD_COMISSAO (ID, NOME, ATIVO, CRIADO_EM, ATUALIZADO_EM, ORDEM) VALUES (22, 'CMO - Comissão Mista de Planos, Orçamentos Públicos e Fiscalização', 1, SYSTIMESTAMP, SYSTIMESTAMP, 23);
INSERT INTO CAD_COMISSAO (ID, NOME, ATIVO, CRIADO_EM, ATUALIZADO_EM, ORDEM) VALUES (23, 'CPI - Comissão Parlamentar de Inquérito', 1, SYSTIMESTAMP, SYSTIMESTAMP, 24);
INSERT INTO CAD_COMISSAO (ID, NOME, ATIVO, CRIADO_EM, ATUALIZADO_EM, ORDEM) VALUES (24, 'CPMI - Comissão Parlamentar Mista de Inquérito', 1, SYSTIMESTAMP, SYSTIMESTAMP, 25);
INSERT INTO CAD_COMISSAO (ID, NOME, ATIVO, CRIADO_EM, ATUALIZADO_EM, ORDEM) VALUES (25, 'CT - Comissão Temporária', 1, SYSTIMESTAMP, SYSTIMESTAMP, 26);
INSERT INTO CAD_COMISSAO (ID, NOME, ATIVO, CRIADO_EM, ATUALIZADO_EM, ORDEM) VALUES (26, 'cessão - Cessão de Sala', 1, SYSTIMESTAMP, SYSTIMESTAMP, 28);
INSERT INTO CAD_COMISSAO (ID, NOME, ATIVO, CRIADO_EM, ATUALIZADO_EM, ORDEM) VALUES (27, 'outros - Outros Eventos', 1, SYSTIMESTAMP, SYSTIMESTAMP, 29);
INSERT INTO CAD_COMISSAO (ID, NOME, ATIVO, CRIADO_EM, ATUALIZADO_EM, ORDEM) VALUES (28, 'GP - Grupo Parlamentar', 1, SYSTIMESTAMP, SYSTIMESTAMP, 27);
INSERT INTO CAD_COMISSAO (ID, NOME, ATIVO, CRIADO_EM, ATUALIZADO_EM, ORDEM) VALUES (29, 'GP - Grupo Parlamentar', 0, SYSTIMESTAMP, SYSTIMESTAMP, NULL);
INSERT INTO CAD_COMISSAO (ID, NOME, ATIVO, CRIADO_EM, ATUALIZADO_EM, ORDEM) VALUES (30, 'CMMPV  - Comissão Mista de Medida Provisória', 1, SYSTIMESTAMP, SYSTIMESTAMP, 18);

-- FRM_CHECKLIST_ITEM_TIPO (45 itens de checklist)
INSERT INTO FRM_CHECKLIST_ITEM_TIPO (ID, NOME, TIPO_WIDGET, CRIADO_EM, ATUALIZADO_EM) VALUES (1, 'Sistema Zoom', 'radio', SYSTIMESTAMP, SYSTIMESTAMP);
INSERT INTO FRM_CHECKLIST_ITEM_TIPO (ID, NOME, TIPO_WIDGET, CRIADO_EM, ATUALIZADO_EM) VALUES (2, 'PC do Secretário', 'radio', SYSTIMESTAMP, SYSTIMESTAMP);
INSERT INTO FRM_CHECKLIST_ITEM_TIPO (ID, NOME, TIPO_WIDGET, CRIADO_EM, ATUALIZADO_EM) VALUES (3, 'Vídeowall', 'radio', SYSTIMESTAMP, SYSTIMESTAMP);
INSERT INTO FRM_CHECKLIST_ITEM_TIPO (ID, NOME, TIPO_WIDGET, CRIADO_EM, ATUALIZADO_EM) VALUES (4, 'Mic sem fio', 'radio', SYSTIMESTAMP, SYSTIMESTAMP);
INSERT INTO FRM_CHECKLIST_ITEM_TIPO (ID, NOME, TIPO_WIDGET, CRIADO_EM, ATUALIZADO_EM) VALUES (5, 'Mic de Bancada', 'radio', SYSTIMESTAMP, SYSTIMESTAMP);
INSERT INTO FRM_CHECKLIST_ITEM_TIPO (ID, NOME, TIPO_WIDGET, CRIADO_EM, ATUALIZADO_EM) VALUES (6, 'Sinal Tv Senado', 'radio', SYSTIMESTAMP, SYSTIMESTAMP);
INSERT INTO FRM_CHECKLIST_ITEM_TIPO (ID, NOME, TIPO_WIDGET, CRIADO_EM, ATUALIZADO_EM) VALUES (7, 'Tablet Presidente', 'radio', SYSTIMESTAMP, SYSTIMESTAMP);
INSERT INTO FRM_CHECKLIST_ITEM_TIPO (ID, NOME, TIPO_WIDGET, CRIADO_EM, ATUALIZADO_EM) VALUES (8, 'Tablet Secretária', 'radio', SYSTIMESTAMP, SYSTIMESTAMP);
INSERT INTO FRM_CHECKLIST_ITEM_TIPO (ID, NOME, TIPO_WIDGET, CRIADO_EM, ATUALIZADO_EM) VALUES (9, 'Relógio', 'radio', SYSTIMESTAMP, SYSTIMESTAMP);
INSERT INTO FRM_CHECKLIST_ITEM_TIPO (ID, NOME, TIPO_WIDGET, CRIADO_EM, ATUALIZADO_EM) VALUES (10, 'VIP', 'radio', SYSTIMESTAMP, SYSTIMESTAMP);
INSERT INTO FRM_CHECKLIST_ITEM_TIPO (ID, NOME, TIPO_WIDGET, CRIADO_EM, ATUALIZADO_EM) VALUES (11, 'Item teste', 'radio', SYSTIMESTAMP, SYSTIMESTAMP);
INSERT INTO FRM_CHECKLIST_ITEM_TIPO (ID, NOME, TIPO_WIDGET, CRIADO_EM, ATUALIZADO_EM) VALUES (14, 'Sistema Zoom sala 19', 'radio', SYSTIMESTAMP, SYSTIMESTAMP);
INSERT INTO FRM_CHECKLIST_ITEM_TIPO (ID, NOME, TIPO_WIDGET, CRIADO_EM, ATUALIZADO_EM) VALUES (15, 'Trilha do Gravador 01', 'text', SYSTIMESTAMP, SYSTIMESTAMP);
INSERT INTO FRM_CHECKLIST_ITEM_TIPO (ID, NOME, TIPO_WIDGET, CRIADO_EM, ATUALIZADO_EM) VALUES (16, 'Trilha do Gravador 02', 'text', SYSTIMESTAMP, SYSTIMESTAMP);
INSERT INTO FRM_CHECKLIST_ITEM_TIPO (ID, NOME, TIPO_WIDGET, CRIADO_EM, ATUALIZADO_EM) VALUES (29, 'Áudio Architect', 'radio', SYSTIMESTAMP, SYSTIMESTAMP);
INSERT INTO FRM_CHECKLIST_ITEM_TIPO (ID, NOME, TIPO_WIDGET, CRIADO_EM, ATUALIZADO_EM) VALUES (30, 'PC 01', 'radio', SYSTIMESTAMP, SYSTIMESTAMP);
INSERT INTO FRM_CHECKLIST_ITEM_TIPO (ID, NOME, TIPO_WIDGET, CRIADO_EM, ATUALIZADO_EM) VALUES (31, 'PC 02', 'radio', SYSTIMESTAMP, SYSTIMESTAMP);
INSERT INTO FRM_CHECKLIST_ITEM_TIPO (ID, NOME, TIPO_WIDGET, CRIADO_EM, ATUALIZADO_EM) VALUES (32, 'Zoom 01', 'radio', SYSTIMESTAMP, SYSTIMESTAMP);
INSERT INTO FRM_CHECKLIST_ITEM_TIPO (ID, NOME, TIPO_WIDGET, CRIADO_EM, ATUALIZADO_EM) VALUES (33, 'Zoom 02', 'radio', SYSTIMESTAMP, SYSTIMESTAMP);
INSERT INTO FRM_CHECKLIST_ITEM_TIPO (ID, NOME, TIPO_WIDGET, CRIADO_EM, ATUALIZADO_EM) VALUES (34, '60 Segundos', 'radio', SYSTIMESTAMP, SYSTIMESTAMP);
INSERT INTO FRM_CHECKLIST_ITEM_TIPO (ID, NOME, TIPO_WIDGET, CRIADO_EM, ATUALIZADO_EM) VALUES (41, 'Trilha do Gravador 01', 'radio', SYSTIMESTAMP, SYSTIMESTAMP);
INSERT INTO FRM_CHECKLIST_ITEM_TIPO (ID, NOME, TIPO_WIDGET, CRIADO_EM, ATUALIZADO_EM) VALUES (42, 'Trilha do Gravador 02', 'radio', SYSTIMESTAMP, SYSTIMESTAMP);
INSERT INTO FRM_CHECKLIST_ITEM_TIPO (ID, NOME, TIPO_WIDGET, CRIADO_EM, ATUALIZADO_EM) VALUES (43, 'Item teste Texto', 'text', SYSTIMESTAMP, SYSTIMESTAMP);
INSERT INTO FRM_CHECKLIST_ITEM_TIPO (ID, NOME, TIPO_WIDGET, CRIADO_EM, ATUALIZADO_EM) VALUES (63, 'Item OK/Falha do Plenário 02', 'radio', SYSTIMESTAMP, SYSTIMESTAMP);
INSERT INTO FRM_CHECKLIST_ITEM_TIPO (ID, NOME, TIPO_WIDGET, CRIADO_EM, ATUALIZADO_EM) VALUES (64, 'Item Texto do Plenário 02', 'text', SYSTIMESTAMP, SYSTIMESTAMP);
INSERT INTO FRM_CHECKLIST_ITEM_TIPO (ID, NOME, TIPO_WIDGET, CRIADO_EM, ATUALIZADO_EM) VALUES (69, 'PC', 'radio', SYSTIMESTAMP, SYSTIMESTAMP);
INSERT INTO FRM_CHECKLIST_ITEM_TIPO (ID, NOME, TIPO_WIDGET, CRIADO_EM, ATUALIZADO_EM) VALUES (78, 'Caixa 100', 'radio', SYSTIMESTAMP, SYSTIMESTAMP);
INSERT INTO FRM_CHECKLIST_ITEM_TIPO (ID, NOME, TIPO_WIDGET, CRIADO_EM, ATUALIZADO_EM) VALUES (79, 'Caixa 200', 'radio', SYSTIMESTAMP, SYSTIMESTAMP);
INSERT INTO FRM_CHECKLIST_ITEM_TIPO (ID, NOME, TIPO_WIDGET, CRIADO_EM, ATUALIZADO_EM) VALUES (80, 'Caixa 300', 'radio', SYSTIMESTAMP, SYSTIMESTAMP);
INSERT INTO FRM_CHECKLIST_ITEM_TIPO (ID, NOME, TIPO_WIDGET, CRIADO_EM, ATUALIZADO_EM) VALUES (81, 'Caixa 400', 'radio', SYSTIMESTAMP, SYSTIMESTAMP);
INSERT INTO FRM_CHECKLIST_ITEM_TIPO (ID, NOME, TIPO_WIDGET, CRIADO_EM, ATUALIZADO_EM) VALUES (82, 'Caixa 500', 'radio', SYSTIMESTAMP, SYSTIMESTAMP);
INSERT INTO FRM_CHECKLIST_ITEM_TIPO (ID, NOME, TIPO_WIDGET, CRIADO_EM, ATUALIZADO_EM) VALUES (83, 'Caixa 600', 'radio', SYSTIMESTAMP, SYSTIMESTAMP);
INSERT INTO FRM_CHECKLIST_ITEM_TIPO (ID, NOME, TIPO_WIDGET, CRIADO_EM, ATUALIZADO_EM) VALUES (84, 'Galerias', 'radio', SYSTIMESTAMP, SYSTIMESTAMP);
INSERT INTO FRM_CHECKLIST_ITEM_TIPO (ID, NOME, TIPO_WIDGET, CRIADO_EM, ATUALIZADO_EM) VALUES (93, 'Testes do Sistema Principal', 'radio', SYSTIMESTAMP, SYSTIMESTAMP);
INSERT INTO FRM_CHECKLIST_ITEM_TIPO (ID, NOME, TIPO_WIDGET, CRIADO_EM, ATUALIZADO_EM) VALUES (94, 'Testes do Sistema Reserva', 'radio', SYSTIMESTAMP, SYSTIMESTAMP);
INSERT INTO FRM_CHECKLIST_ITEM_TIPO (ID, NOME, TIPO_WIDGET, CRIADO_EM, ATUALIZADO_EM) VALUES (95, 'Testes do Sistema Zoom 1', 'radio', SYSTIMESTAMP, SYSTIMESTAMP);
INSERT INTO FRM_CHECKLIST_ITEM_TIPO (ID, NOME, TIPO_WIDGET, CRIADO_EM, ATUALIZADO_EM) VALUES (96, 'Testes do Sistema Zoom 2', 'radio', SYSTIMESTAMP, SYSTIMESTAMP);
INSERT INTO FRM_CHECKLIST_ITEM_TIPO (ID, NOME, TIPO_WIDGET, CRIADO_EM, ATUALIZADO_EM) VALUES (97, 'Amplificadores', 'radio', SYSTIMESTAMP, SYSTIMESTAMP);
INSERT INTO FRM_CHECKLIST_ITEM_TIPO (ID, NOME, TIPO_WIDGET, CRIADO_EM, ATUALIZADO_EM) VALUES (98, 'Retorno do Presidente - Direito', 'radio', SYSTIMESTAMP, SYSTIMESTAMP);
INSERT INTO FRM_CHECKLIST_ITEM_TIPO (ID, NOME, TIPO_WIDGET, CRIADO_EM, ATUALIZADO_EM) VALUES (99, 'Retorno do Presidente - Esquerdo', 'radio', SYSTIMESTAMP, SYSTIMESTAMP);
INSERT INTO FRM_CHECKLIST_ITEM_TIPO (ID, NOME, TIPO_WIDGET, CRIADO_EM, ATUALIZADO_EM) VALUES (100, 'Interação da Tela do Presidente com os Microfones', 'radio', SYSTIMESTAMP, SYSTIMESTAMP);
INSERT INTO FRM_CHECKLIST_ITEM_TIPO (ID, NOME, TIPO_WIDGET, CRIADO_EM, ATUALIZADO_EM) VALUES (101, 'Teste com o Relógio/Cronômetro na Cabine e Tela do Presidente', 'radio', SYSTIMESTAMP, SYSTIMESTAMP);
INSERT INTO FRM_CHECKLIST_ITEM_TIPO (ID, NOME, TIPO_WIDGET, CRIADO_EM, ATUALIZADO_EM) VALUES (102, 'Microfone Sem Fio Reserva', 'radio', SYSTIMESTAMP, SYSTIMESTAMP);
INSERT INTO FRM_CHECKLIST_ITEM_TIPO (ID, NOME, TIPO_WIDGET, CRIADO_EM, ATUALIZADO_EM) VALUES (103, 'Tela do Presidente', 'radio', SYSTIMESTAMP, SYSTIMESTAMP);
INSERT INTO FRM_CHECKLIST_ITEM_TIPO (ID, NOME, TIPO_WIDGET, CRIADO_EM, ATUALIZADO_EM) VALUES (104, 'PC dos 60 Segundos', 'radio', SYSTIMESTAMP, SYSTIMESTAMP);

-- FRM_CHECKLIST_SALA_CONFIG (135 configurações ativas — vínculo sala × item de checklist)
-- Sala 1: Auditório Petrônio Portella (17 itens)
INSERT INTO FRM_CHECKLIST_SALA_CONFIG (ID, SALA_ID, ITEM_TIPO_ID, ORDEM, ATIVO, CRIADO_EM, ATUALIZADO_EM) VALUES (215, 1, 29, 1, 1, SYSTIMESTAMP, SYSTIMESTAMP);
INSERT INTO FRM_CHECKLIST_SALA_CONFIG (ID, SALA_ID, ITEM_TIPO_ID, ORDEM, ATIVO, CRIADO_EM, ATUALIZADO_EM) VALUES (227, 1, 30, 2, 1, SYSTIMESTAMP, SYSTIMESTAMP);
INSERT INTO FRM_CHECKLIST_SALA_CONFIG (ID, SALA_ID, ITEM_TIPO_ID, ORDEM, ATIVO, CRIADO_EM, ATUALIZADO_EM) VALUES (228, 1, 31, 3, 1, SYSTIMESTAMP, SYSTIMESTAMP);
INSERT INTO FRM_CHECKLIST_SALA_CONFIG (ID, SALA_ID, ITEM_TIPO_ID, ORDEM, ATIVO, CRIADO_EM, ATUALIZADO_EM) VALUES (6, 1, 4, 4, 1, SYSTIMESTAMP, SYSTIMESTAMP);
INSERT INTO FRM_CHECKLIST_SALA_CONFIG (ID, SALA_ID, ITEM_TIPO_ID, ORDEM, ATIVO, CRIADO_EM, ATUALIZADO_EM) VALUES (216, 1, 32, 5, 1, SYSTIMESTAMP, SYSTIMESTAMP);
INSERT INTO FRM_CHECKLIST_SALA_CONFIG (ID, SALA_ID, ITEM_TIPO_ID, ORDEM, ATIVO, CRIADO_EM, ATUALIZADO_EM) VALUES (217, 1, 33, 6, 1, SYSTIMESTAMP, SYSTIMESTAMP);
INSERT INTO FRM_CHECKLIST_SALA_CONFIG (ID, SALA_ID, ITEM_TIPO_ID, ORDEM, ATIVO, CRIADO_EM, ATUALIZADO_EM) VALUES (218, 1, 34, 7, 1, SYSTIMESTAMP, SYSTIMESTAMP);
INSERT INTO FRM_CHECKLIST_SALA_CONFIG (ID, SALA_ID, ITEM_TIPO_ID, ORDEM, ATIVO, CRIADO_EM, ATUALIZADO_EM) VALUES (13, 1, 10, 8, 1, SYSTIMESTAMP, SYSTIMESTAMP);
INSERT INTO FRM_CHECKLIST_SALA_CONFIG (ID, SALA_ID, ITEM_TIPO_ID, ORDEM, ATIVO, CRIADO_EM, ATUALIZADO_EM) VALUES (12, 1, 9, 9, 1, SYSTIMESTAMP, SYSTIMESTAMP);
INSERT INTO FRM_CHECKLIST_SALA_CONFIG (ID, SALA_ID, ITEM_TIPO_ID, ORDEM, ATIVO, CRIADO_EM, ATUALIZADO_EM) VALUES (11, 1, 3, 10, 1, SYSTIMESTAMP, SYSTIMESTAMP);
INSERT INTO FRM_CHECKLIST_SALA_CONFIG (ID, SALA_ID, ITEM_TIPO_ID, ORDEM, ATIVO, CRIADO_EM, ATUALIZADO_EM) VALUES (8, 1, 6, 11, 1, SYSTIMESTAMP, SYSTIMESTAMP);
INSERT INTO FRM_CHECKLIST_SALA_CONFIG (ID, SALA_ID, ITEM_TIPO_ID, ORDEM, ATIVO, CRIADO_EM, ATUALIZADO_EM) VALUES (7, 1, 5, 12, 1, SYSTIMESTAMP, SYSTIMESTAMP);
INSERT INTO FRM_CHECKLIST_SALA_CONFIG (ID, SALA_ID, ITEM_TIPO_ID, ORDEM, ATIVO, CRIADO_EM, ATUALIZADO_EM) VALUES (9, 1, 7, 13, 1, SYSTIMESTAMP, SYSTIMESTAMP);
INSERT INTO FRM_CHECKLIST_SALA_CONFIG (ID, SALA_ID, ITEM_TIPO_ID, ORDEM, ATIVO, CRIADO_EM, ATUALIZADO_EM) VALUES (10, 1, 8, 14, 1, SYSTIMESTAMP, SYSTIMESTAMP);
INSERT INTO FRM_CHECKLIST_SALA_CONFIG (ID, SALA_ID, ITEM_TIPO_ID, ORDEM, ATIVO, CRIADO_EM, ATUALIZADO_EM) VALUES (5, 1, 2, 15, 1, SYSTIMESTAMP, SYSTIMESTAMP);
INSERT INTO FRM_CHECKLIST_SALA_CONFIG (ID, SALA_ID, ITEM_TIPO_ID, ORDEM, ATIVO, CRIADO_EM, ATUALIZADO_EM) VALUES (219, 1, 15, 16, 1, SYSTIMESTAMP, SYSTIMESTAMP);
INSERT INTO FRM_CHECKLIST_SALA_CONFIG (ID, SALA_ID, ITEM_TIPO_ID, ORDEM, ATIVO, CRIADO_EM, ATUALIZADO_EM) VALUES (220, 1, 16, 17, 1, SYSTIMESTAMP, SYSTIMESTAMP);
-- Sala 2: Plenário (19 itens)
INSERT INTO FRM_CHECKLIST_SALA_CONFIG (ID, SALA_ID, ITEM_TIPO_ID, ORDEM, ATIVO, CRIADO_EM, ATUALIZADO_EM) VALUES (271, 2, 93, 1, 1, SYSTIMESTAMP, SYSTIMESTAMP);
INSERT INTO FRM_CHECKLIST_SALA_CONFIG (ID, SALA_ID, ITEM_TIPO_ID, ORDEM, ATIVO, CRIADO_EM, ATUALIZADO_EM) VALUES (272, 2, 94, 2, 1, SYSTIMESTAMP, SYSTIMESTAMP);
INSERT INTO FRM_CHECKLIST_SALA_CONFIG (ID, SALA_ID, ITEM_TIPO_ID, ORDEM, ATIVO, CRIADO_EM, ATUALIZADO_EM) VALUES (273, 2, 95, 3, 1, SYSTIMESTAMP, SYSTIMESTAMP);
INSERT INTO FRM_CHECKLIST_SALA_CONFIG (ID, SALA_ID, ITEM_TIPO_ID, ORDEM, ATIVO, CRIADO_EM, ATUALIZADO_EM) VALUES (274, 2, 96, 4, 1, SYSTIMESTAMP, SYSTIMESTAMP);
INSERT INTO FRM_CHECKLIST_SALA_CONFIG (ID, SALA_ID, ITEM_TIPO_ID, ORDEM, ATIVO, CRIADO_EM, ATUALIZADO_EM) VALUES (282, 2, 104, 5, 1, SYSTIMESTAMP, SYSTIMESTAMP);
INSERT INTO FRM_CHECKLIST_SALA_CONFIG (ID, SALA_ID, ITEM_TIPO_ID, ORDEM, ATIVO, CRIADO_EM, ATUALIZADO_EM) VALUES (275, 2, 97, 6, 1, SYSTIMESTAMP, SYSTIMESTAMP);
INSERT INTO FRM_CHECKLIST_SALA_CONFIG (ID, SALA_ID, ITEM_TIPO_ID, ORDEM, ATIVO, CRIADO_EM, ATUALIZADO_EM) VALUES (276, 2, 98, 7, 1, SYSTIMESTAMP, SYSTIMESTAMP);
INSERT INTO FRM_CHECKLIST_SALA_CONFIG (ID, SALA_ID, ITEM_TIPO_ID, ORDEM, ATIVO, CRIADO_EM, ATUALIZADO_EM) VALUES (277, 2, 99, 8, 1, SYSTIMESTAMP, SYSTIMESTAMP);
INSERT INTO FRM_CHECKLIST_SALA_CONFIG (ID, SALA_ID, ITEM_TIPO_ID, ORDEM, ATIVO, CRIADO_EM, ATUALIZADO_EM) VALUES (256, 2, 78, 9, 1, SYSTIMESTAMP, SYSTIMESTAMP);
INSERT INTO FRM_CHECKLIST_SALA_CONFIG (ID, SALA_ID, ITEM_TIPO_ID, ORDEM, ATIVO, CRIADO_EM, ATUALIZADO_EM) VALUES (257, 2, 79, 10, 1, SYSTIMESTAMP, SYSTIMESTAMP);
INSERT INTO FRM_CHECKLIST_SALA_CONFIG (ID, SALA_ID, ITEM_TIPO_ID, ORDEM, ATIVO, CRIADO_EM, ATUALIZADO_EM) VALUES (258, 2, 80, 11, 1, SYSTIMESTAMP, SYSTIMESTAMP);
INSERT INTO FRM_CHECKLIST_SALA_CONFIG (ID, SALA_ID, ITEM_TIPO_ID, ORDEM, ATIVO, CRIADO_EM, ATUALIZADO_EM) VALUES (259, 2, 81, 12, 1, SYSTIMESTAMP, SYSTIMESTAMP);
INSERT INTO FRM_CHECKLIST_SALA_CONFIG (ID, SALA_ID, ITEM_TIPO_ID, ORDEM, ATIVO, CRIADO_EM, ATUALIZADO_EM) VALUES (260, 2, 82, 13, 1, SYSTIMESTAMP, SYSTIMESTAMP);
INSERT INTO FRM_CHECKLIST_SALA_CONFIG (ID, SALA_ID, ITEM_TIPO_ID, ORDEM, ATIVO, CRIADO_EM, ATUALIZADO_EM) VALUES (261, 2, 83, 14, 1, SYSTIMESTAMP, SYSTIMESTAMP);
INSERT INTO FRM_CHECKLIST_SALA_CONFIG (ID, SALA_ID, ITEM_TIPO_ID, ORDEM, ATIVO, CRIADO_EM, ATUALIZADO_EM) VALUES (262, 2, 84, 15, 1, SYSTIMESTAMP, SYSTIMESTAMP);
INSERT INTO FRM_CHECKLIST_SALA_CONFIG (ID, SALA_ID, ITEM_TIPO_ID, ORDEM, ATIVO, CRIADO_EM, ATUALIZADO_EM) VALUES (278, 2, 100, 16, 1, SYSTIMESTAMP, SYSTIMESTAMP);
INSERT INTO FRM_CHECKLIST_SALA_CONFIG (ID, SALA_ID, ITEM_TIPO_ID, ORDEM, ATIVO, CRIADO_EM, ATUALIZADO_EM) VALUES (279, 2, 101, 17, 1, SYSTIMESTAMP, SYSTIMESTAMP);
INSERT INTO FRM_CHECKLIST_SALA_CONFIG (ID, SALA_ID, ITEM_TIPO_ID, ORDEM, ATIVO, CRIADO_EM, ATUALIZADO_EM) VALUES (280, 2, 102, 18, 1, SYSTIMESTAMP, SYSTIMESTAMP);
INSERT INTO FRM_CHECKLIST_SALA_CONFIG (ID, SALA_ID, ITEM_TIPO_ID, ORDEM, ATIVO, CRIADO_EM, ATUALIZADO_EM) VALUES (281, 2, 103, 19, 1, SYSTIMESTAMP, SYSTIMESTAMP);
-- Sala 3: Plenário 02 (16 itens)
INSERT INTO FRM_CHECKLIST_SALA_CONFIG (ID, SALA_ID, ITEM_TIPO_ID, ORDEM, ATIVO, CRIADO_EM, ATUALIZADO_EM) VALUES (234, 3, 63, 1, 1, SYSTIMESTAMP, SYSTIMESTAMP);
INSERT INTO FRM_CHECKLIST_SALA_CONFIG (ID, SALA_ID, ITEM_TIPO_ID, ORDEM, ATIVO, CRIADO_EM, ATUALIZADO_EM) VALUES (134, 3, 29, 2, 1, SYSTIMESTAMP, SYSTIMESTAMP);
INSERT INTO FRM_CHECKLIST_SALA_CONFIG (ID, SALA_ID, ITEM_TIPO_ID, ORDEM, ATIVO, CRIADO_EM, ATUALIZADO_EM) VALUES (240, 3, 69, 3, 1, SYSTIMESTAMP, SYSTIMESTAMP);
INSERT INTO FRM_CHECKLIST_SALA_CONFIG (ID, SALA_ID, ITEM_TIPO_ID, ORDEM, ATIVO, CRIADO_EM, ATUALIZADO_EM) VALUES (235, 3, 64, 4, 1, SYSTIMESTAMP, SYSTIMESTAMP);
INSERT INTO FRM_CHECKLIST_SALA_CONFIG (ID, SALA_ID, ITEM_TIPO_ID, ORDEM, ATIVO, CRIADO_EM, ATUALIZADO_EM) VALUES (32, 3, 4, 5, 1, SYSTIMESTAMP, SYSTIMESTAMP);
INSERT INTO FRM_CHECKLIST_SALA_CONFIG (ID, SALA_ID, ITEM_TIPO_ID, ORDEM, ATIVO, CRIADO_EM, ATUALIZADO_EM) VALUES (139, 3, 34, 6, 1, SYSTIMESTAMP, SYSTIMESTAMP);
INSERT INTO FRM_CHECKLIST_SALA_CONFIG (ID, SALA_ID, ITEM_TIPO_ID, ORDEM, ATIVO, CRIADO_EM, ATUALIZADO_EM) VALUES (30, 3, 1, 7, 1, SYSTIMESTAMP, SYSTIMESTAMP);
INSERT INTO FRM_CHECKLIST_SALA_CONFIG (ID, SALA_ID, ITEM_TIPO_ID, ORDEM, ATIVO, CRIADO_EM, ATUALIZADO_EM) VALUES (39, 3, 10, 8, 1, SYSTIMESTAMP, SYSTIMESTAMP);
INSERT INTO FRM_CHECKLIST_SALA_CONFIG (ID, SALA_ID, ITEM_TIPO_ID, ORDEM, ATIVO, CRIADO_EM, ATUALIZADO_EM) VALUES (38, 3, 9, 9, 1, SYSTIMESTAMP, SYSTIMESTAMP);
INSERT INTO FRM_CHECKLIST_SALA_CONFIG (ID, SALA_ID, ITEM_TIPO_ID, ORDEM, ATIVO, CRIADO_EM, ATUALIZADO_EM) VALUES (37, 3, 3, 10, 1, SYSTIMESTAMP, SYSTIMESTAMP);
INSERT INTO FRM_CHECKLIST_SALA_CONFIG (ID, SALA_ID, ITEM_TIPO_ID, ORDEM, ATIVO, CRIADO_EM, ATUALIZADO_EM) VALUES (34, 3, 6, 11, 1, SYSTIMESTAMP, SYSTIMESTAMP);
INSERT INTO FRM_CHECKLIST_SALA_CONFIG (ID, SALA_ID, ITEM_TIPO_ID, ORDEM, ATIVO, CRIADO_EM, ATUALIZADO_EM) VALUES (33, 3, 5, 12, 1, SYSTIMESTAMP, SYSTIMESTAMP);
INSERT INTO FRM_CHECKLIST_SALA_CONFIG (ID, SALA_ID, ITEM_TIPO_ID, ORDEM, ATIVO, CRIADO_EM, ATUALIZADO_EM) VALUES (35, 3, 7, 13, 1, SYSTIMESTAMP, SYSTIMESTAMP);
INSERT INTO FRM_CHECKLIST_SALA_CONFIG (ID, SALA_ID, ITEM_TIPO_ID, ORDEM, ATIVO, CRIADO_EM, ATUALIZADO_EM) VALUES (31, 3, 2, 14, 1, SYSTIMESTAMP, SYSTIMESTAMP);
INSERT INTO FRM_CHECKLIST_SALA_CONFIG (ID, SALA_ID, ITEM_TIPO_ID, ORDEM, ATIVO, CRIADO_EM, ATUALIZADO_EM) VALUES (199, 3, 15, 15, 1, SYSTIMESTAMP, SYSTIMESTAMP);
INSERT INTO FRM_CHECKLIST_SALA_CONFIG (ID, SALA_ID, ITEM_TIPO_ID, ORDEM, ATIVO, CRIADO_EM, ATUALIZADO_EM) VALUES (200, 3, 16, 16, 1, SYSTIMESTAMP, SYSTIMESTAMP);
-- Sala 4: Plenário 03 (14 itens)
INSERT INTO FRM_CHECKLIST_SALA_CONFIG (ID, SALA_ID, ITEM_TIPO_ID, ORDEM, ATIVO, CRIADO_EM, ATUALIZADO_EM) VALUES (140, 4, 29, 1, 1, SYSTIMESTAMP, SYSTIMESTAMP);
INSERT INTO FRM_CHECKLIST_SALA_CONFIG (ID, SALA_ID, ITEM_TIPO_ID, ORDEM, ATIVO, CRIADO_EM, ATUALIZADO_EM) VALUES (241, 4, 69, 2, 1, SYSTIMESTAMP, SYSTIMESTAMP);
INSERT INTO FRM_CHECKLIST_SALA_CONFIG (ID, SALA_ID, ITEM_TIPO_ID, ORDEM, ATIVO, CRIADO_EM, ATUALIZADO_EM) VALUES (45, 4, 4, 3, 1, SYSTIMESTAMP, SYSTIMESTAMP);
INSERT INTO FRM_CHECKLIST_SALA_CONFIG (ID, SALA_ID, ITEM_TIPO_ID, ORDEM, ATIVO, CRIADO_EM, ATUALIZADO_EM) VALUES (143, 4, 34, 4, 1, SYSTIMESTAMP, SYSTIMESTAMP);
INSERT INTO FRM_CHECKLIST_SALA_CONFIG (ID, SALA_ID, ITEM_TIPO_ID, ORDEM, ATIVO, CRIADO_EM, ATUALIZADO_EM) VALUES (43, 4, 1, 5, 1, SYSTIMESTAMP, SYSTIMESTAMP);
INSERT INTO FRM_CHECKLIST_SALA_CONFIG (ID, SALA_ID, ITEM_TIPO_ID, ORDEM, ATIVO, CRIADO_EM, ATUALIZADO_EM) VALUES (52, 4, 10, 6, 1, SYSTIMESTAMP, SYSTIMESTAMP);
INSERT INTO FRM_CHECKLIST_SALA_CONFIG (ID, SALA_ID, ITEM_TIPO_ID, ORDEM, ATIVO, CRIADO_EM, ATUALIZADO_EM) VALUES (51, 4, 9, 7, 1, SYSTIMESTAMP, SYSTIMESTAMP);
INSERT INTO FRM_CHECKLIST_SALA_CONFIG (ID, SALA_ID, ITEM_TIPO_ID, ORDEM, ATIVO, CRIADO_EM, ATUALIZADO_EM) VALUES (50, 4, 3, 8, 1, SYSTIMESTAMP, SYSTIMESTAMP);
INSERT INTO FRM_CHECKLIST_SALA_CONFIG (ID, SALA_ID, ITEM_TIPO_ID, ORDEM, ATIVO, CRIADO_EM, ATUALIZADO_EM) VALUES (47, 4, 6, 9, 1, SYSTIMESTAMP, SYSTIMESTAMP);
INSERT INTO FRM_CHECKLIST_SALA_CONFIG (ID, SALA_ID, ITEM_TIPO_ID, ORDEM, ATIVO, CRIADO_EM, ATUALIZADO_EM) VALUES (46, 4, 5, 10, 1, SYSTIMESTAMP, SYSTIMESTAMP);
INSERT INTO FRM_CHECKLIST_SALA_CONFIG (ID, SALA_ID, ITEM_TIPO_ID, ORDEM, ATIVO, CRIADO_EM, ATUALIZADO_EM) VALUES (48, 4, 7, 11, 1, SYSTIMESTAMP, SYSTIMESTAMP);
INSERT INTO FRM_CHECKLIST_SALA_CONFIG (ID, SALA_ID, ITEM_TIPO_ID, ORDEM, ATIVO, CRIADO_EM, ATUALIZADO_EM) VALUES (44, 4, 2, 12, 1, SYSTIMESTAMP, SYSTIMESTAMP);
INSERT INTO FRM_CHECKLIST_SALA_CONFIG (ID, SALA_ID, ITEM_TIPO_ID, ORDEM, ATIVO, CRIADO_EM, ATUALIZADO_EM) VALUES (201, 4, 15, 13, 1, SYSTIMESTAMP, SYSTIMESTAMP);
INSERT INTO FRM_CHECKLIST_SALA_CONFIG (ID, SALA_ID, ITEM_TIPO_ID, ORDEM, ATIVO, CRIADO_EM, ATUALIZADO_EM) VALUES (202, 4, 16, 14, 1, SYSTIMESTAMP, SYSTIMESTAMP);
-- Sala 5: Plenário 06 (14 itens)
INSERT INTO FRM_CHECKLIST_SALA_CONFIG (ID, SALA_ID, ITEM_TIPO_ID, ORDEM, ATIVO, CRIADO_EM, ATUALIZADO_EM) VALUES (146, 5, 29, 1, 1, SYSTIMESTAMP, SYSTIMESTAMP);
INSERT INTO FRM_CHECKLIST_SALA_CONFIG (ID, SALA_ID, ITEM_TIPO_ID, ORDEM, ATIVO, CRIADO_EM, ATUALIZADO_EM) VALUES (242, 5, 69, 2, 1, SYSTIMESTAMP, SYSTIMESTAMP);
INSERT INTO FRM_CHECKLIST_SALA_CONFIG (ID, SALA_ID, ITEM_TIPO_ID, ORDEM, ATIVO, CRIADO_EM, ATUALIZADO_EM) VALUES (58, 5, 4, 3, 1, SYSTIMESTAMP, SYSTIMESTAMP);
INSERT INTO FRM_CHECKLIST_SALA_CONFIG (ID, SALA_ID, ITEM_TIPO_ID, ORDEM, ATIVO, CRIADO_EM, ATUALIZADO_EM) VALUES (149, 5, 34, 4, 1, SYSTIMESTAMP, SYSTIMESTAMP);
INSERT INTO FRM_CHECKLIST_SALA_CONFIG (ID, SALA_ID, ITEM_TIPO_ID, ORDEM, ATIVO, CRIADO_EM, ATUALIZADO_EM) VALUES (56, 5, 1, 5, 1, SYSTIMESTAMP, SYSTIMESTAMP);
INSERT INTO FRM_CHECKLIST_SALA_CONFIG (ID, SALA_ID, ITEM_TIPO_ID, ORDEM, ATIVO, CRIADO_EM, ATUALIZADO_EM) VALUES (65, 5, 10, 6, 1, SYSTIMESTAMP, SYSTIMESTAMP);
INSERT INTO FRM_CHECKLIST_SALA_CONFIG (ID, SALA_ID, ITEM_TIPO_ID, ORDEM, ATIVO, CRIADO_EM, ATUALIZADO_EM) VALUES (64, 5, 9, 7, 1, SYSTIMESTAMP, SYSTIMESTAMP);
INSERT INTO FRM_CHECKLIST_SALA_CONFIG (ID, SALA_ID, ITEM_TIPO_ID, ORDEM, ATIVO, CRIADO_EM, ATUALIZADO_EM) VALUES (63, 5, 3, 8, 1, SYSTIMESTAMP, SYSTIMESTAMP);
INSERT INTO FRM_CHECKLIST_SALA_CONFIG (ID, SALA_ID, ITEM_TIPO_ID, ORDEM, ATIVO, CRIADO_EM, ATUALIZADO_EM) VALUES (60, 5, 6, 9, 1, SYSTIMESTAMP, SYSTIMESTAMP);
INSERT INTO FRM_CHECKLIST_SALA_CONFIG (ID, SALA_ID, ITEM_TIPO_ID, ORDEM, ATIVO, CRIADO_EM, ATUALIZADO_EM) VALUES (59, 5, 5, 10, 1, SYSTIMESTAMP, SYSTIMESTAMP);
INSERT INTO FRM_CHECKLIST_SALA_CONFIG (ID, SALA_ID, ITEM_TIPO_ID, ORDEM, ATIVO, CRIADO_EM, ATUALIZADO_EM) VALUES (61, 5, 7, 11, 1, SYSTIMESTAMP, SYSTIMESTAMP);
INSERT INTO FRM_CHECKLIST_SALA_CONFIG (ID, SALA_ID, ITEM_TIPO_ID, ORDEM, ATIVO, CRIADO_EM, ATUALIZADO_EM) VALUES (57, 5, 2, 12, 1, SYSTIMESTAMP, SYSTIMESTAMP);
INSERT INTO FRM_CHECKLIST_SALA_CONFIG (ID, SALA_ID, ITEM_TIPO_ID, ORDEM, ATIVO, CRIADO_EM, ATUALIZADO_EM) VALUES (203, 5, 15, 13, 1, SYSTIMESTAMP, SYSTIMESTAMP);
INSERT INTO FRM_CHECKLIST_SALA_CONFIG (ID, SALA_ID, ITEM_TIPO_ID, ORDEM, ATIVO, CRIADO_EM, ATUALIZADO_EM) VALUES (204, 5, 16, 14, 1, SYSTIMESTAMP, SYSTIMESTAMP);
-- Sala 6: Plenário 07 (14 itens)
INSERT INTO FRM_CHECKLIST_SALA_CONFIG (ID, SALA_ID, ITEM_TIPO_ID, ORDEM, ATIVO, CRIADO_EM, ATUALIZADO_EM) VALUES (152, 6, 29, 1, 1, SYSTIMESTAMP, SYSTIMESTAMP);
INSERT INTO FRM_CHECKLIST_SALA_CONFIG (ID, SALA_ID, ITEM_TIPO_ID, ORDEM, ATIVO, CRIADO_EM, ATUALIZADO_EM) VALUES (243, 6, 69, 2, 1, SYSTIMESTAMP, SYSTIMESTAMP);
INSERT INTO FRM_CHECKLIST_SALA_CONFIG (ID, SALA_ID, ITEM_TIPO_ID, ORDEM, ATIVO, CRIADO_EM, ATUALIZADO_EM) VALUES (71, 6, 4, 3, 1, SYSTIMESTAMP, SYSTIMESTAMP);
INSERT INTO FRM_CHECKLIST_SALA_CONFIG (ID, SALA_ID, ITEM_TIPO_ID, ORDEM, ATIVO, CRIADO_EM, ATUALIZADO_EM) VALUES (155, 6, 34, 4, 1, SYSTIMESTAMP, SYSTIMESTAMP);
INSERT INTO FRM_CHECKLIST_SALA_CONFIG (ID, SALA_ID, ITEM_TIPO_ID, ORDEM, ATIVO, CRIADO_EM, ATUALIZADO_EM) VALUES (69, 6, 1, 5, 1, SYSTIMESTAMP, SYSTIMESTAMP);
INSERT INTO FRM_CHECKLIST_SALA_CONFIG (ID, SALA_ID, ITEM_TIPO_ID, ORDEM, ATIVO, CRIADO_EM, ATUALIZADO_EM) VALUES (78, 6, 10, 6, 1, SYSTIMESTAMP, SYSTIMESTAMP);
INSERT INTO FRM_CHECKLIST_SALA_CONFIG (ID, SALA_ID, ITEM_TIPO_ID, ORDEM, ATIVO, CRIADO_EM, ATUALIZADO_EM) VALUES (77, 6, 9, 7, 1, SYSTIMESTAMP, SYSTIMESTAMP);
INSERT INTO FRM_CHECKLIST_SALA_CONFIG (ID, SALA_ID, ITEM_TIPO_ID, ORDEM, ATIVO, CRIADO_EM, ATUALIZADO_EM) VALUES (76, 6, 3, 8, 1, SYSTIMESTAMP, SYSTIMESTAMP);
INSERT INTO FRM_CHECKLIST_SALA_CONFIG (ID, SALA_ID, ITEM_TIPO_ID, ORDEM, ATIVO, CRIADO_EM, ATUALIZADO_EM) VALUES (73, 6, 6, 9, 1, SYSTIMESTAMP, SYSTIMESTAMP);
INSERT INTO FRM_CHECKLIST_SALA_CONFIG (ID, SALA_ID, ITEM_TIPO_ID, ORDEM, ATIVO, CRIADO_EM, ATUALIZADO_EM) VALUES (72, 6, 5, 10, 1, SYSTIMESTAMP, SYSTIMESTAMP);
INSERT INTO FRM_CHECKLIST_SALA_CONFIG (ID, SALA_ID, ITEM_TIPO_ID, ORDEM, ATIVO, CRIADO_EM, ATUALIZADO_EM) VALUES (74, 6, 7, 11, 1, SYSTIMESTAMP, SYSTIMESTAMP);
INSERT INTO FRM_CHECKLIST_SALA_CONFIG (ID, SALA_ID, ITEM_TIPO_ID, ORDEM, ATIVO, CRIADO_EM, ATUALIZADO_EM) VALUES (70, 6, 2, 12, 1, SYSTIMESTAMP, SYSTIMESTAMP);
INSERT INTO FRM_CHECKLIST_SALA_CONFIG (ID, SALA_ID, ITEM_TIPO_ID, ORDEM, ATIVO, CRIADO_EM, ATUALIZADO_EM) VALUES (205, 6, 15, 13, 1, SYSTIMESTAMP, SYSTIMESTAMP);
INSERT INTO FRM_CHECKLIST_SALA_CONFIG (ID, SALA_ID, ITEM_TIPO_ID, ORDEM, ATIVO, CRIADO_EM, ATUALIZADO_EM) VALUES (206, 6, 16, 14, 1, SYSTIMESTAMP, SYSTIMESTAMP);
-- Sala 7: Plenário 09 (14 itens)
INSERT INTO FRM_CHECKLIST_SALA_CONFIG (ID, SALA_ID, ITEM_TIPO_ID, ORDEM, ATIVO, CRIADO_EM, ATUALIZADO_EM) VALUES (158, 7, 29, 1, 1, SYSTIMESTAMP, SYSTIMESTAMP);
INSERT INTO FRM_CHECKLIST_SALA_CONFIG (ID, SALA_ID, ITEM_TIPO_ID, ORDEM, ATIVO, CRIADO_EM, ATUALIZADO_EM) VALUES (244, 7, 69, 2, 1, SYSTIMESTAMP, SYSTIMESTAMP);
INSERT INTO FRM_CHECKLIST_SALA_CONFIG (ID, SALA_ID, ITEM_TIPO_ID, ORDEM, ATIVO, CRIADO_EM, ATUALIZADO_EM) VALUES (84, 7, 4, 3, 1, SYSTIMESTAMP, SYSTIMESTAMP);
INSERT INTO FRM_CHECKLIST_SALA_CONFIG (ID, SALA_ID, ITEM_TIPO_ID, ORDEM, ATIVO, CRIADO_EM, ATUALIZADO_EM) VALUES (163, 7, 34, 4, 1, SYSTIMESTAMP, SYSTIMESTAMP);
INSERT INTO FRM_CHECKLIST_SALA_CONFIG (ID, SALA_ID, ITEM_TIPO_ID, ORDEM, ATIVO, CRIADO_EM, ATUALIZADO_EM) VALUES (82, 7, 1, 5, 1, SYSTIMESTAMP, SYSTIMESTAMP);
INSERT INTO FRM_CHECKLIST_SALA_CONFIG (ID, SALA_ID, ITEM_TIPO_ID, ORDEM, ATIVO, CRIADO_EM, ATUALIZADO_EM) VALUES (91, 7, 10, 6, 1, SYSTIMESTAMP, SYSTIMESTAMP);
INSERT INTO FRM_CHECKLIST_SALA_CONFIG (ID, SALA_ID, ITEM_TIPO_ID, ORDEM, ATIVO, CRIADO_EM, ATUALIZADO_EM) VALUES (90, 7, 9, 7, 1, SYSTIMESTAMP, SYSTIMESTAMP);
INSERT INTO FRM_CHECKLIST_SALA_CONFIG (ID, SALA_ID, ITEM_TIPO_ID, ORDEM, ATIVO, CRIADO_EM, ATUALIZADO_EM) VALUES (89, 7, 3, 8, 1, SYSTIMESTAMP, SYSTIMESTAMP);
INSERT INTO FRM_CHECKLIST_SALA_CONFIG (ID, SALA_ID, ITEM_TIPO_ID, ORDEM, ATIVO, CRIADO_EM, ATUALIZADO_EM) VALUES (86, 7, 6, 9, 1, SYSTIMESTAMP, SYSTIMESTAMP);
INSERT INTO FRM_CHECKLIST_SALA_CONFIG (ID, SALA_ID, ITEM_TIPO_ID, ORDEM, ATIVO, CRIADO_EM, ATUALIZADO_EM) VALUES (213, 7, 5, 10, 1, SYSTIMESTAMP, SYSTIMESTAMP);
INSERT INTO FRM_CHECKLIST_SALA_CONFIG (ID, SALA_ID, ITEM_TIPO_ID, ORDEM, ATIVO, CRIADO_EM, ATUALIZADO_EM) VALUES (87, 7, 7, 11, 1, SYSTIMESTAMP, SYSTIMESTAMP);
INSERT INTO FRM_CHECKLIST_SALA_CONFIG (ID, SALA_ID, ITEM_TIPO_ID, ORDEM, ATIVO, CRIADO_EM, ATUALIZADO_EM) VALUES (83, 7, 2, 12, 1, SYSTIMESTAMP, SYSTIMESTAMP);
INSERT INTO FRM_CHECKLIST_SALA_CONFIG (ID, SALA_ID, ITEM_TIPO_ID, ORDEM, ATIVO, CRIADO_EM, ATUALIZADO_EM) VALUES (207, 7, 15, 13, 1, SYSTIMESTAMP, SYSTIMESTAMP);
INSERT INTO FRM_CHECKLIST_SALA_CONFIG (ID, SALA_ID, ITEM_TIPO_ID, ORDEM, ATIVO, CRIADO_EM, ATUALIZADO_EM) VALUES (208, 7, 16, 14, 1, SYSTIMESTAMP, SYSTIMESTAMP);
-- Sala 8: Plenário 13 (14 itens)
INSERT INTO FRM_CHECKLIST_SALA_CONFIG (ID, SALA_ID, ITEM_TIPO_ID, ORDEM, ATIVO, CRIADO_EM, ATUALIZADO_EM) VALUES (164, 8, 29, 1, 1, SYSTIMESTAMP, SYSTIMESTAMP);
INSERT INTO FRM_CHECKLIST_SALA_CONFIG (ID, SALA_ID, ITEM_TIPO_ID, ORDEM, ATIVO, CRIADO_EM, ATUALIZADO_EM) VALUES (245, 8, 69, 2, 1, SYSTIMESTAMP, SYSTIMESTAMP);
INSERT INTO FRM_CHECKLIST_SALA_CONFIG (ID, SALA_ID, ITEM_TIPO_ID, ORDEM, ATIVO, CRIADO_EM, ATUALIZADO_EM) VALUES (97, 8, 4, 3, 1, SYSTIMESTAMP, SYSTIMESTAMP);
INSERT INTO FRM_CHECKLIST_SALA_CONFIG (ID, SALA_ID, ITEM_TIPO_ID, ORDEM, ATIVO, CRIADO_EM, ATUALIZADO_EM) VALUES (170, 8, 34, 4, 1, SYSTIMESTAMP, SYSTIMESTAMP);
INSERT INTO FRM_CHECKLIST_SALA_CONFIG (ID, SALA_ID, ITEM_TIPO_ID, ORDEM, ATIVO, CRIADO_EM, ATUALIZADO_EM) VALUES (95, 8, 1, 5, 1, SYSTIMESTAMP, SYSTIMESTAMP);
INSERT INTO FRM_CHECKLIST_SALA_CONFIG (ID, SALA_ID, ITEM_TIPO_ID, ORDEM, ATIVO, CRIADO_EM, ATUALIZADO_EM) VALUES (104, 8, 10, 6, 1, SYSTIMESTAMP, SYSTIMESTAMP);
INSERT INTO FRM_CHECKLIST_SALA_CONFIG (ID, SALA_ID, ITEM_TIPO_ID, ORDEM, ATIVO, CRIADO_EM, ATUALIZADO_EM) VALUES (171, 8, 9, 7, 1, SYSTIMESTAMP, SYSTIMESTAMP);
INSERT INTO FRM_CHECKLIST_SALA_CONFIG (ID, SALA_ID, ITEM_TIPO_ID, ORDEM, ATIVO, CRIADO_EM, ATUALIZADO_EM) VALUES (102, 8, 3, 8, 1, SYSTIMESTAMP, SYSTIMESTAMP);
INSERT INTO FRM_CHECKLIST_SALA_CONFIG (ID, SALA_ID, ITEM_TIPO_ID, ORDEM, ATIVO, CRIADO_EM, ATUALIZADO_EM) VALUES (172, 8, 6, 9, 1, SYSTIMESTAMP, SYSTIMESTAMP);
INSERT INTO FRM_CHECKLIST_SALA_CONFIG (ID, SALA_ID, ITEM_TIPO_ID, ORDEM, ATIVO, CRIADO_EM, ATUALIZADO_EM) VALUES (167, 8, 5, 10, 1, SYSTIMESTAMP, SYSTIMESTAMP);
INSERT INTO FRM_CHECKLIST_SALA_CONFIG (ID, SALA_ID, ITEM_TIPO_ID, ORDEM, ATIVO, CRIADO_EM, ATUALIZADO_EM) VALUES (100, 8, 7, 11, 1, SYSTIMESTAMP, SYSTIMESTAMP);
INSERT INTO FRM_CHECKLIST_SALA_CONFIG (ID, SALA_ID, ITEM_TIPO_ID, ORDEM, ATIVO, CRIADO_EM, ATUALIZADO_EM) VALUES (96, 8, 2, 12, 1, SYSTIMESTAMP, SYSTIMESTAMP);
INSERT INTO FRM_CHECKLIST_SALA_CONFIG (ID, SALA_ID, ITEM_TIPO_ID, ORDEM, ATIVO, CRIADO_EM, ATUALIZADO_EM) VALUES (209, 8, 15, 13, 1, SYSTIMESTAMP, SYSTIMESTAMP);
INSERT INTO FRM_CHECKLIST_SALA_CONFIG (ID, SALA_ID, ITEM_TIPO_ID, ORDEM, ATIVO, CRIADO_EM, ATUALIZADO_EM) VALUES (210, 8, 16, 14, 1, SYSTIMESTAMP, SYSTIMESTAMP);
-- Sala 9: Plenário 15 (10 itens)
INSERT INTO FRM_CHECKLIST_SALA_CONFIG (ID, SALA_ID, ITEM_TIPO_ID, ORDEM, ATIVO, CRIADO_EM, ATUALIZADO_EM) VALUES (173, 9, 29, 1, 1, SYSTIMESTAMP, SYSTIMESTAMP);
INSERT INTO FRM_CHECKLIST_SALA_CONFIG (ID, SALA_ID, ITEM_TIPO_ID, ORDEM, ATIVO, CRIADO_EM, ATUALIZADO_EM) VALUES (246, 9, 69, 2, 1, SYSTIMESTAMP, SYSTIMESTAMP);
INSERT INTO FRM_CHECKLIST_SALA_CONFIG (ID, SALA_ID, ITEM_TIPO_ID, ORDEM, ATIVO, CRIADO_EM, ATUALIZADO_EM) VALUES (110, 9, 4, 3, 1, SYSTIMESTAMP, SYSTIMESTAMP);
INSERT INTO FRM_CHECKLIST_SALA_CONFIG (ID, SALA_ID, ITEM_TIPO_ID, ORDEM, ATIVO, CRIADO_EM, ATUALIZADO_EM) VALUES (178, 9, 34, 4, 1, SYSTIMESTAMP, SYSTIMESTAMP);
INSERT INTO FRM_CHECKLIST_SALA_CONFIG (ID, SALA_ID, ITEM_TIPO_ID, ORDEM, ATIVO, CRIADO_EM, ATUALIZADO_EM) VALUES (108, 9, 1, 5, 1, SYSTIMESTAMP, SYSTIMESTAMP);
INSERT INTO FRM_CHECKLIST_SALA_CONFIG (ID, SALA_ID, ITEM_TIPO_ID, ORDEM, ATIVO, CRIADO_EM, ATUALIZADO_EM) VALUES (117, 9, 10, 6, 1, SYSTIMESTAMP, SYSTIMESTAMP);
INSERT INTO FRM_CHECKLIST_SALA_CONFIG (ID, SALA_ID, ITEM_TIPO_ID, ORDEM, ATIVO, CRIADO_EM, ATUALIZADO_EM) VALUES (116, 9, 9, 7, 1, SYSTIMESTAMP, SYSTIMESTAMP);
INSERT INTO FRM_CHECKLIST_SALA_CONFIG (ID, SALA_ID, ITEM_TIPO_ID, ORDEM, ATIVO, CRIADO_EM, ATUALIZADO_EM) VALUES (109, 9, 2, 8, 1, SYSTIMESTAMP, SYSTIMESTAMP);
INSERT INTO FRM_CHECKLIST_SALA_CONFIG (ID, SALA_ID, ITEM_TIPO_ID, ORDEM, ATIVO, CRIADO_EM, ATUALIZADO_EM) VALUES (211, 9, 15, 9, 1, SYSTIMESTAMP, SYSTIMESTAMP);
INSERT INTO FRM_CHECKLIST_SALA_CONFIG (ID, SALA_ID, ITEM_TIPO_ID, ORDEM, ATIVO, CRIADO_EM, ATUALIZADO_EM) VALUES (212, 9, 16, 10, 1, SYSTIMESTAMP, SYSTIMESTAMP);
-- Sala 10: Plenário 19 (3 itens)
INSERT INTO FRM_CHECKLIST_SALA_CONFIG (ID, SALA_ID, ITEM_TIPO_ID, ORDEM, ATIVO, CRIADO_EM, ATUALIZADO_EM) VALUES (179, 10, 29, 1, 1, SYSTIMESTAMP, SYSTIMESTAMP);
INSERT INTO FRM_CHECKLIST_SALA_CONFIG (ID, SALA_ID, ITEM_TIPO_ID, ORDEM, ATIVO, CRIADO_EM, ATUALIZADO_EM) VALUES (247, 10, 69, 2, 1, SYSTIMESTAMP, SYSTIMESTAMP);
INSERT INTO FRM_CHECKLIST_SALA_CONFIG (ID, SALA_ID, ITEM_TIPO_ID, ORDEM, ATIVO, CRIADO_EM, ATUALIZADO_EM) VALUES (123, 10, 4, 3, 1, SYSTIMESTAMP, SYSTIMESTAMP);

-- Os USUÁRIOS DE TESTE (admin/admin e operador/1234) saíram daqui: vivem em
-- «docker/oracle-init-dev/99-seed-users-dev.sql», montado APENAS pelo compose de
-- homologação/local (achado F22). Este arquivo é montado também em PRODUÇÃO, e
-- reprovisionar a VPS do zero por ele faria o sistema nascer com uma conta
-- administrativa de senha pública, sem troca forçada.
--
-- Logo, só dados de REFERÊNCIA moram aqui (salas, comissões, itens, configs).
-- Em provisionamento de produção/DR, o primeiro administrador é criação manual —
-- o caminho está documentado no cabeçalho do 99-seed-users-dev.sql.

COMMIT;

-- ============================================================
-- Reposiciona os geradores IDENTITY (achado F21)
--
-- As 4 tabelas abaixo têm ID «GENERATED BY DEFAULT ON NULL AS
-- IDENTITY» e o seed acima grava ID EXPLÍCITO. No Oracle, valor
-- explícito NÃO avança a sequence interna — ela ficaria em 1, e o
-- PRIMEIRO cadastro feito pela aplicação (que insere sem ID)
-- colidiria com o seed: ORA-00001 na chave primária.
--
-- START WITH LIMIT VALUE recomeça o gerador em MAX(ID) + 1.
-- (Só estas 4: as tabelas PES_* usam SYS_GUID(), não IDENTITY.)
--
-- CAD_SALA é realinhada MAIS UMA VEZ pelo changelog 043: o
-- changeset 007 roda depois deste script e insere a sala
-- 'Demais Salas' com ID explícito (11), desalinhando o gerador
-- outra vez.
-- ============================================================
ALTER TABLE CAD_SALA                  MODIFY (ID GENERATED BY DEFAULT ON NULL AS IDENTITY (START WITH LIMIT VALUE));
ALTER TABLE CAD_COMISSAO              MODIFY (ID GENERATED BY DEFAULT ON NULL AS IDENTITY (START WITH LIMIT VALUE));
ALTER TABLE FRM_CHECKLIST_ITEM_TIPO   MODIFY (ID GENERATED BY DEFAULT ON NULL AS IDENTITY (START WITH LIMIT VALUE));
ALTER TABLE FRM_CHECKLIST_SALA_CONFIG MODIFY (ID GENERATED BY DEFAULT ON NULL AS IDENTITY (START WITH LIMIT VALUE));
